{
  "final_metrics": {
    "accuracy": 0.9478094084393297,
    "f1_weighted": 0.9522969856237224,
    "f1_macro": 0.7457780194293961,
    "confusion_matrix": [
      [
        7743,
        85,
        0,
        236
      ],
      [
        0,
        1325,
        0,
        0
      ],
      [
        0,
        74,
        214,
        0
      ],
      [
        0,
        0,
        122,
        107
      ]
    ],
    "per_class_metrics": {
      "class_0": {
        "TP": 7743,
        "TN": 1842,
        "FP": 0,
        "FN": 321,
        "precision": 1.0,
        "recall": 0.9601934523809523,
        "f1": 0.9796925412791802
      },
      "class_1": {
        "TP": 1325,
        "TN": 8422,
        "FP": 159,
        "FN": 0,
        "precision": 0.8928571428571429,
        "recall": 1.0,
        "f1": 0.9433962264150944
      },
      "class_2": {
        "TP": 214,
        "TN": 9496,
        "FP": 122,
        "FN": 74,
        "precision": 0.6369047619047619,
        "recall": 0.7430555555555556,
        "f1": 0.6858974358974359
      },
      "class_3": {
        "TP": 107,
        "TN": 9441,
        "FP": 236,
        "FN": 122,
        "precision": 0.3119533527696793,
        "recall": 0.4672489082969432,
        "f1": 0.3741258741258741
      }
    }
  },
  "device_stats": {
    "ahu_1": {
      "training_count": 40,
      "total_time": 721.2556550502777,
      "final_battery": 100
    },
    "ahu_2": {
      "training_count": 40,
      "total_time": 745.9389352798462,
      "final_battery": 100
    },
    "ahu_3": {
      "training_count": 40,
      "total_time": 762.2132422924042,
      "final_battery": 100
    },
    "ahu_4": {
      "training_count": 40,
      "total_time": 723.4199624061584,
      "final_battery": 100
    },
    "ahu_5": {
      "training_count": 40,
      "total_time": 696.7347657680511,
      "final_battery": 100
    },
    "ahu_6": {
      "training_count": 40,
      "total_time": 777.1324796676636,
      "final_battery": 100
    },
    "ahu_8": {
      "training_count": 40,
      "total_time": 655.2743451595306,
      "final_battery": 100
    }
  },
  "config": {
    "num_rounds": 40,
    "base_epochs": 5,
    "min_battery": 20,
    "min_cpu": 30,
    "threshold_mode": "moderate"
  },
  "ablation_config": {
    "study_1_component": "full_edge_aware",
    "enable_adaptive_epochs": true,
    "enable_adaptive_weights": true,
    "enable_smart_selection": true,
    "offloading_strategy": "network_based",
    "weight_strategy": "full",
    "threshold_mode": "moderate",
    "epoch_adaptation": "conservative"
  }
}