{
  "final_metrics": {
    "accuracy": 0.9700181708055724,
    "f1_weighted": 0.9725750231282606,
    "f1_macro": 0.8894632143846628,
    "confusion_matrix": [
      [
        7801,
        85,
        0,
        178
      ],
      [
        0,
        1325,
        0,
        0
      ],
      [
        0,
        8,
        280,
        0
      ],
      [
        0,
        0,
        26,
        203
      ]
    ],
    "per_class_metrics": {
      "class_0": {
        "TP": 7801,
        "TN": 1842,
        "FP": 0,
        "FN": 263,
        "precision": 1.0,
        "recall": 0.9673859126984127,
        "f1": 0.9834226284273558
      },
      "class_1": {
        "TP": 1325,
        "TN": 8488,
        "FP": 93,
        "FN": 0,
        "precision": 0.9344146685472496,
        "recall": 1.0,
        "f1": 0.966095515858549
      },
      "class_2": {
        "TP": 280,
        "TN": 9592,
        "FP": 26,
        "FN": 8,
        "precision": 0.9150326797385621,
        "recall": 0.9722222222222222,
        "f1": 0.9427609427609428
      },
      "class_3": {
        "TP": 203,
        "TN": 9499,
        "FP": 178,
        "FN": 26,
        "precision": 0.5328083989501312,
        "recall": 0.8864628820960698,
        "f1": 0.6655737704918033
      }
    }
  },
  "config": {
    "num_rounds": 40,
    "local_epochs": 5
  }
}